,City,Lat,Lng,Max Temp,Humidity,Cloudiness,Wind Speed,Country,Date
0,Busselton,-33.65,115.3333,56.57,68,0,12.59,AU,1669052369
1,Albany,42.6001,-73.9662,37.02,50,53,9.44,US,1669052268
2,Salto,-31.3833,-57.9667,66.36,94,100,9.22,UY,1669052110
3,Kapaa,22.0752,-159.319,75.52,82,75,23.02,US,1669052370
4,Faanui,-16.4833,-151.75,79.03,75,22,15.46,PF,1669052370
5,Mataura,-46.1927,168.8643,47.55,92,60,3.0,NZ,1669052371
6,Rikitea,-23.1203,-134.9692,71.78,86,82,11.61,PF,1669052359
7,Port Lincoln,-34.7333,135.8667,54.21,70,94,11.88,AU,1669052371
8,Lokosovo,61.1333,74.8167,16.7,94,100,10.54,RU,1669052372
9,Dauriya,49.9333,116.8667,0.37,94,90,4.45,RU,1669052372
10,Port Hedland,-20.3167,118.5667,75.25,60,100,13.8,AU,1669052079
11,Kattivākkam,13.2167,80.3167,75.29,93,100,17.22,IN,1669052373
12,Atuona,-9.8,-139.0333,77.45,67,54,17.13,PF,1669052373
13,Sungai Raya,0.7,108.9,78.93,85,100,3.91,ID,1669052080
14,Tual,-5.6667,132.75,84.24,73,100,7.87,ID,1669052374
15,Vaini,-21.2,-175.2,75.36,88,20,5.75,TO,1669052081
16,Coquimbo,-29.9533,-71.3436,62.33,77,75,13.8,CL,1669052082
17,Gavrilov Posad,56.5597,40.1175,14.25,100,88,4.27,RU,1669052374
18,Norman Wells,65.282,-126.8329,19.44,93,75,3.44,CA,1669052375
19,Hobart,-42.8794,147.3294,41.05,81,41,11.5,AU,1669052376
20,Hūn,29.1268,15.9477,60.04,43,0,5.91,LY,1669052376
21,Josanicka Banja,43.3895,20.7503,38.5,98,99,1.99,RS,1669052377
22,Kavaratti,10.5669,72.642,81.45,51,0,6.87,IN,1669052377
23,Saint George,37.1041,-113.5841,36.19,44,0,0.0,US,1669052187
24,Hongjiang,27.11,109.9956,64.49,98,80,3.67,CN,1669052377
25,Iqaluit,63.7506,-68.5145,13.73,85,40,2.3,CA,1669052378
26,Tasiilaq,65.6145,-37.6368,37.56,91,100,14.18,GL,1669052085
27,New Norfolk,-42.7826,147.0587,40.71,71,49,1.99,AU,1669052378
28,Nome,64.5011,-165.4064,28.47,86,100,0.0,US,1669052356
29,Lüderitz,-26.6481,15.1594,66.11,70,87,3.02,NA,1669052379
30,Naryan-Mar,67.6713,53.087,12.02,87,100,6.98,RU,1669052379
31,Caravelas,-17.7125,-39.2481,76.28,80,100,9.26,BR,1669052380
32,Umluj,25.0213,37.2685,81.81,58,54,9.13,SA,1669052380
33,Trairi,-3.2778,-39.2689,85.5,56,29,17.45,BR,1669052092
34,Umm Kaddadah,13.6017,26.6876,76.26,22,0,10.83,SD,1669052088
35,Vao,-22.6667,167.4833,76.12,82,89,10.76,NC,1669052089
36,Avarua,-21.2078,-159.775,73.45,73,20,4.61,CK,1669052381
37,Betūl,21.9153,77.8961,58.14,49,83,1.92,IN,1669052089
38,Taoudenni,22.6783,-3.9836,74.37,19,0,11.97,ML,1669052381
39,Sept-Îles,50.2001,-66.3821,27.12,64,40,11.5,CA,1669052382
40,Tiksi,71.6872,128.8694,-22.92,100,89,3.67,RU,1669052348
41,Khatanga,71.9667,102.5,-37.26,100,67,1.14,RU,1669052382
42,Cape Town,-33.9258,18.4232,67.26,56,0,18.41,ZA,1669052091
43,Pevek,69.7008,170.3133,-5.73,97,100,9.22,RU,1669052092
44,Ushuaia,-54.8,-68.3,56.82,54,75,16.11,AR,1669052383
45,Hermanus,-34.4187,19.2345,62.69,72,76,4.41,ZA,1669052383
46,Pokhara,28.2333,83.9833,59.97,45,0,5.14,NP,1669052343
47,Hambantota,6.1241,81.1185,77.86,76,69,10.42,LK,1669052093
48,Suntar,62.1444,117.6319,-9.56,96,99,2.3,RU,1669052384
49,San Patricio,28.017,-97.5169,49.86,85,100,12.86,US,1669052385
50,Saint Paul Harbor,57.79,-152.4072,36.91,100,100,3.44,US,1669052385
51,Severo-Kuril'sk,50.6789,156.125,40.78,86,100,20.36,RU,1669052385
52,Cherskiy,68.75,161.3,-30.93,100,99,3.33,RU,1669052095
53,Zhigansk,66.7697,123.3711,-30.78,100,99,0.36,RU,1669052386
54,Geraldton,-28.7667,114.6,64.81,72,34,6.91,AU,1669052386
55,Cabo San Lucas,22.8909,-109.9124,80.51,66,40,9.22,MX,1669052387
56,Ailigandí,9.2333,-78.0167,80.78,78,97,12.33,PA,1669052096
57,East London,-33.0153,27.9116,74.34,73,0,10.36,ZA,1669052387
58,Salalah,17.0151,54.0924,80.69,69,0,3.44,OM,1669052369
59,Paamiut,61.994,-49.6678,21.74,89,95,4.97,GL,1669052388
60,Mitú,1.1983,-70.1733,79.74,93,96,3.0,CO,1669052388
61,Bairiki Village,1.3292,172.9752,80.6,83,20,11.5,KI,1669052388
62,Arraial do Cabo,-22.9661,-42.0278,84.16,74,20,23.02,BR,1669052098
63,Ayan,56.45,138.1667,14.95,66,100,14.58,RU,1669052389
64,Viranşehir,37.2353,39.7631,58.55,53,100,3.33,TR,1669052389
65,Vila Velha,-20.3297,-40.2925,78.75,81,75,10.36,BR,1669052390
66,Kidal,18.4411,1.4078,81.21,10,100,8.5,ML,1669052390
67,Vågåmo,61.8751,9.0967,23.36,93,89,4.18,NO,1669052390
68,Ambilobe,-13.2,49.05,76.75,84,85,2.48,MG,1669052391
69,Bluff,-46.6,168.3333,50.97,82,88,8.3,NZ,1669052101
70,Port Elizabeth,-33.918,25.5701,70.11,84,75,13.8,ZA,1669052391
71,Yerbogachën,61.2767,108.0108,-7.22,99,100,1.66,RU,1669052392
72,Panama City,8.9936,-79.5197,85.44,79,75,8.05,PA,1669052392
73,Longyearbyen,78.2186,15.6401,37.24,81,75,12.66,SJ,1669052102
74,Nikolskoye,59.7035,30.7861,21.09,89,76,4.61,RU,1669052392
75,Merauke,-8.4667,140.3333,79.14,86,94,6.04,ID,1669052104
76,Puerto Ayora,-0.7393,-90.3518,76.96,98,92,8.01,EC,1669052200
77,Presidencia Roque Sáenz Peña,-26.7852,-60.4388,67.73,83,99,11.86,AR,1669052393
78,Sibolga,1.7427,98.7792,74.95,89,83,2.51,ID,1669052105
79,Korla,41.7597,86.1469,36.52,41,49,2.84,CN,1669052106
80,Nouakchott,18.0858,-15.9785,94.93,26,0,10.8,MR,1669052106
81,Sitka,57.0531,-135.33,48.09,71,100,27.63,US,1669052394
82,Butaritari,3.0707,172.7902,80.28,82,33,16.31,KI,1669052394
83,La Ronge,55.1001,-105.2842,16.05,86,75,8.05,CA,1669052395
84,Marinette,45.1,-87.6307,34.25,68,18,12.68,US,1669052395
85,Tres Arroyos,-38.3739,-60.2798,61.23,58,99,13.2,AR,1669052396
86,Qaanaaq,77.484,-69.3632,-8.27,80,100,3.67,GL,1669052396
87,Buraidah,26.326,43.975,66.65,35,0,7.56,SA,1669052396
88,Barrow,71.2906,-156.7887,19.42,86,100,19.57,US,1669052397
89,Palana,59.1167,159.9667,25.56,94,100,17.07,RU,1669052397
90,Dikson,73.5069,80.5464,-24.84,96,6,3.58,RU,1669052397
91,Tskneti,41.6939,44.6937,42.3,53,100,1.14,GE,1669052398
92,Qui Nhon,13.7667,109.2333,76.1,93,100,5.14,VN,1669052112
93,Ilulissat,69.2167,-51.1,15.82,79,40,1.14,GL,1669052398
94,Punta Arenas,-53.15,-70.9167,48.31,81,100,12.66,CL,1669052113
95,Esperance,-33.8667,121.9,52.7,75,20,11.65,AU,1669052399
96,Wanning,18.8003,110.3967,76.42,94,100,3.94,CN,1669052114
97,Hasaki,35.7333,140.8333,53.22,79,70,10.85,JP,1669052400
98,Tuktoyaktuk,69.4541,-133.0374,17.6,93,100,4.61,CA,1669052400
99,Pangoa,-12.1167,-73.0,78.57,85,90,3.49,PE,1669052400
100,Isangel,-19.55,169.2667,78.33,81,5,3.49,VU,1669052401
101,Faya,18.3851,42.4509,61.32,53,60,5.75,SA,1669052401
102,Saskylakh,71.9167,114.0833,-32.4,99,72,5.08,RU,1669052402
103,Fortuna,40.5982,-124.1573,44.94,87,0,9.22,US,1669052402
104,Lagoa,39.05,-27.9833,64.35,92,100,28.7,PT,1669052402
105,Shirokiy,49.758,129.523,-5.26,99,14,3.62,RU,1669052403
106,Shingū,33.7333,135.9833,54.88,81,63,5.08,JP,1669052403
107,Ugoofaaru,5.6667,73.0,81.68,66,94,11.99,MV,1669052404
108,Perth,-31.9333,115.8333,71.78,42,0,25.32,AU,1669052404
109,Nkowakowa,-23.8878,30.2871,71.38,57,23,1.86,ZA,1669052405
110,Airai,-8.9266,125.4092,62.58,93,99,1.66,TL,1669052405
111,Tuatapere,-46.1333,167.6833,50.76,89,71,5.95,NZ,1669052406
112,Ixtapa,20.7,-105.2,76.23,73,100,0.0,MX,1669052406
113,Kaitangata,-46.2817,169.8464,50.59,74,84,4.59,NZ,1669052407
114,Āndippatti,9.9833,77.6333,72.23,82,15,1.77,IN,1669052122
115,Yellowknife,62.456,-114.3525,27.12,100,75,5.75,CA,1669052311
116,Marzuq,14.4,46.4667,67.73,42,55,4.88,YE,1669052407
117,San Andrés,12.5847,-81.7006,86.02,74,100,17.27,CO,1669052408
118,La Rioja,42.25,-2.5,40.78,99,79,7.47,ES,1669052408
119,Adrar,20.5022,-10.0711,76.14,13,0,10.96,MR,1669052409
120,Port Alfred,-33.5906,26.891,67.17,89,3,5.99,ZA,1669052409
121,Bredasdorp,-34.5322,20.0403,61.65,69,86,5.84,ZA,1669052409
122,George Town,5.4112,100.3354,83.23,86,40,5.01,MY,1669052204
123,Khudumelapye,-23.8833,24.75,80.47,32,93,9.95,BW,1669052125
124,Upernavik,72.7868,-56.1549,7.88,96,91,6.04,GL,1669052410
125,Peto,20.1333,-88.9167,89.42,49,99,1.9,MX,1669052411
126,Cidreira,-30.1811,-50.2056,74.68,77,100,12.97,BR,1669052411
127,Venice,27.0998,-82.4543,79.14,81,75,20.71,US,1669052411
128,Ribeira Grande,38.5167,-28.7,68.4,88,75,18.01,PT,1669052127
129,Maniitsoq,65.4167,-52.9,20.23,83,99,3.51,GL,1669052412
130,Dhanaula,30.2833,75.5833,63.14,31,1,4.76,IN,1669052412
131,Port Blair,11.6667,92.75,77.04,88,40,0.0,IN,1669052413
132,Menongue,-14.6585,17.691,74.98,42,98,3.47,AO,1669052413
133,Itupiranga,-5.1347,-49.3267,95.32,52,70,3.06,BR,1669052414
134,Nālūt,30.3333,10.85,54.66,37,0,6.87,LY,1669052130
135,Lavrentiya,65.5833,-171.0,13.17,74,100,20.47,RU,1669052415
136,Bandarbeyla,9.4942,50.8122,78.57,72,71,22.28,SO,1669052131
137,Aswān,24.0934,32.907,87.1,30,0,11.5,EG,1669052415
138,Ostrovnoy,68.0531,39.5131,32.92,96,100,6.82,RU,1669052416
139,Carnarvon,-24.8667,113.6333,73.69,57,57,10.85,AU,1669052315
140,Dudinka,69.4058,86.1778,-35.88,100,86,2.86,RU,1669052416
141,Olafsvik,64.8945,-23.7142,42.17,74,57,17.43,IS,1669052417
142,Clyde River,70.4692,-68.5914,-12.77,70,75,12.66,CA,1669052269
143,Avera,33.194,-82.5271,55.54,27,4,6.35,US,1669052134
144,Christchurch,-43.5333,172.6333,60.91,47,33,11.5,NZ,1669052204
145,Bengkulu,-3.8004,102.2655,75.34,89,99,5.41,ID,1669052135
146,São Filipe,14.8961,-24.4956,77.88,60,32,10.36,CV,1669052418
147,Shenjiamen,29.9576,122.298,64.83,84,36,9.71,CN,1669052136
148,Saldanha,-33.0117,17.9442,64.45,76,100,17.31,ZA,1669052293
149,Slonim,53.0867,25.3219,24.53,97,100,5.1,BY,1669052419
150,Alexandria,31.2156,29.9553,68.54,73,40,8.05,EG,1669052266
151,Lata,40.1629,-8.3327,56.07,82,100,10.38,PT,1669052420
152,Mayo,38.8876,-76.5119,47.12,51,0,9.22,US,1669052421
153,Shimoda,34.6667,138.95,61.23,81,61,5.12,JP,1669052421
154,Oleksandrivka,46.8383,32.7612,58.53,76,97,18.48,UA,1669052139
155,Aklavik,68.2191,-135.0107,3.56,99,96,2.95,CA,1669052422
156,Praia da Vitória,38.7333,-27.0667,70.05,83,40,15.99,PT,1669052139
157,Lebu,-37.6167,-73.65,60.57,58,12,20.0,CL,1669052140
158,Severo-Yeniseyskiy,60.3725,93.0408,-24.93,100,84,4.23,RU,1669052422
159,Asău,46.4333,26.4,33.28,99,100,1.9,RO,1669052423
160,San Cristobal,7.7669,-72.225,69.98,62,92,1.7,VE,1669052253
161,Atherton,53.5237,-2.4935,45.9,93,100,1.99,GB,1669052423
162,Sarkand,45.41,79.9186,37.26,91,100,4.29,KZ,1669052424
163,Torbay,47.6666,-52.7314,37.58,78,100,27.63,CA,1669052141
164,Provideniya,64.3833,-173.3,10.6,94,100,9.62,RU,1669052425
165,Callaway,30.153,-85.5699,65.91,60,40,9.22,US,1669052425
166,Saint-Philippe,-21.3585,55.7679,76.59,77,18,5.08,RE,1669052426
167,Atyashevo,54.5644,46.0691,28.36,97,98,7.0,RU,1669052143
168,Kavieng,-2.5744,150.7967,82.22,75,48,7.74,PG,1669052426
169,Chui,-33.6971,-53.4616,72.93,76,100,6.22,UY,1669052144
170,Villamontes,-21.25,-63.5,81.84,51,100,13.8,BO,1669052427
171,Mahébourg,-20.4081,57.7,76.24,78,20,3.44,MU,1669052427
172,Longview,32.5007,-94.7405,50.25,62,100,3.44,US,1669052217
173,Chokurdakh,70.6333,147.9167,-22.59,98,100,2.17,RU,1669052428
174,Kutum,14.2,24.6667,69.98,18,3,6.8,SD,1669052428
175,Timrå,62.487,17.3257,30.67,80,100,10.36,SE,1669052146
176,Harstad,68.799,16.5293,18.79,49,0,5.75,NO,1669052429
177,Talnakh,69.4865,88.3972,-24.77,94,97,2.01,RU,1669052429
178,Bethel,41.3712,-73.414,38.62,45,0,10.36,US,1669052199
179,Bariloche,-41.1456,-71.3082,69.55,9,0,10.36,AR,1669052429
180,Hong Kong,22.2855,114.1577,75.38,84,100,11.99,HK,1669052190
181,Jamestown,42.097,-79.2353,38.71,35,0,14.97,US,1669052399
182,Norden,53.6,7.2,37.94,81,72,16.26,DE,1669052431
183,Lipin Bor,60.2622,37.9763,16.23,93,73,4.18,RU,1669052431
184,Urupês,-21.2017,-49.29,90.73,24,85,10.22,BR,1669052431
185,Harlingen,26.1906,-97.6961,48.11,96,100,18.41,US,1669052038
186,Thompson,55.7435,-97.8558,10.56,85,75,6.91,CA,1669052432
187,Partūr,19.6,76.2167,62.96,43,94,5.41,IN,1669052432
188,Badarwās,24.9667,77.5667,60.51,38,0,1.68,IN,1669052433
189,La Macarena,2.1837,-73.7849,87.62,54,66,8.32,CO,1669052433
190,Nova Olímpia,-14.7972,-57.2881,89.38,47,89,3.27,BR,1669052152
191,Usinsk,65.9939,57.5281,-8.73,99,16,7.74,RU,1669052152
192,Bubaque,11.2833,-15.8333,83.53,46,80,6.17,GW,1669052434
193,Ceres,37.5949,-120.9577,52.05,87,0,0.0,US,1669052434
194,São José da Coroa Grande,-8.8978,-35.1478,81.25,63,53,10.47,BR,1669052435
195,Antofagasta,-23.65,-70.4,67.28,61,11,8.14,CL,1669052377
196,Kruisfontein,-34.0033,24.7314,67.89,80,61,7.61,ZA,1669052374
197,Dillon,34.4166,-79.3712,57.87,33,2,5.39,US,1669052154
198,Tyukhtet,56.5389,89.3011,6.15,94,99,6.78,RU,1669052154
199,Katsuura,35.1333,140.3,60.42,88,73,10.04,JP,1669052436
200,Araouane,18.9048,-3.5265,77.99,12,99,13.11,ML,1669052436
201,Balakhninskiy,58.0106,114.2769,-4.86,94,100,2.06,RU,1669052437
202,Gigmoto,13.7796,124.39,79.86,88,96,10.42,PH,1669052156
203,Husavik,66.0449,-17.3389,38.88,82,14,12.1,IS,1669052437
204,Camabatela,-8.1881,15.375,63.07,98,83,3.4,AO,1669052438
205,Ngunguru,-35.6167,174.5,64.42,94,84,9.84,NZ,1669052438
206,Petropavlovka,50.6114,105.3196,9.46,92,100,2.71,RU,1669052157
207,Alta Floresta,-9.8756,-56.0861,93.02,55,40,3.44,BR,1669052439
208,Evensk,61.95,159.2333,11.5,73,100,14.67,RU,1669052439
209,Lompoc,34.6391,-120.4579,66.78,30,0,6.91,US,1669052309
210,Shirhatti,15.2333,75.5833,70.5,56,91,6.06,IN,1669052439
211,Port-Gentil,-0.7193,8.7815,80.56,78,75,9.22,GA,1669052159
212,Hithadhoo,-0.6,73.0833,80.71,78,64,10.56,MV,1669052391
213,Half Moon Bay,37.4636,-122.4286,59.61,50,20,4.61,US,1669052395
214,Gizo Government Station,-8.103,156.8419,82.22,75,63,7.31,SB,1669052440
215,Souillac,-20.5167,57.5167,73.78,78,20,3.44,MU,1669052161
216,Shubarshi,48.5872,57.1869,35.58,100,100,2.57,KZ,1669052441
217,Laguna,38.421,-121.4238,62.64,70,0,0.0,US,1669052161
218,Fairbanks,64.8378,-147.7164,16.61,86,40,0.0,US,1669052173
219,Kisangani,0.5167,25.2,74.66,79,88,1.7,CD,1669052162
220,Wilkie,52.4168,-108.7014,28.89,93,100,10.36,CA,1669052442
221,Alice Springs,-23.7,133.8833,67.55,42,100,5.75,AU,1669052442
222,Karlskrona,56.1616,15.5866,32.45,96,100,12.41,SE,1669052443
223,Atasū,48.6814,71.6433,27.82,98,100,6.55,KZ,1669052443
224,Dakar,14.6937,-17.4441,86.13,45,0,9.22,SN,1669052285
225,Castro,-24.7911,-50.0119,79.9,45,99,8.32,BR,1669052423
226,College,64.8569,-147.8028,16.59,86,75,0.0,US,1669052444
227,Iralaya,15.0,-83.2333,81.86,78,99,11.74,HN,1669052444
228,Bagdarin,54.4333,113.6,4.8,90,100,1.66,RU,1669052444
229,İdil,37.3411,41.8895,55.33,47,0,5.75,TR,1669052445
230,Plettenberg Bay,-34.0527,23.3716,63.05,79,82,3.51,ZA,1669052167
231,Kurchum,48.5722,83.6542,26.47,97,100,6.71,KZ,1669052167
232,Port Shepstone,-30.7414,30.455,70.92,80,92,17.83,ZA,1669052168
233,Juneau,58.3019,-134.4197,44.22,94,100,29.93,US,1669052266
234,Qasigiannguit,68.8193,-51.1922,16.05,90,89,3.98,GL,1669052446
235,Aykhal,66.0,111.5,-17.66,100,71,4.81,RU,1669052169
236,Atascadero,35.4894,-120.6707,61.32,26,80,6.6,US,1669052189
237,Lakselv,70.0513,24.9718,10.22,85,0,2.3,NO,1669052447
238,Tessalit,20.1986,1.0114,75.38,13,95,11.12,ML,1669052447
239,Khorixas,-20.3667,14.9667,73.74,36,53,14.56,NA,1669052171
240,Namatanai,-3.6667,152.4333,79.3,82,38,6.51,PG,1669052448
241,Atar,20.5169,-13.0499,82.56,11,0,10.89,MR,1669052172
242,Vengerovo,55.6848,76.7471,6.94,91,73,9.26,RU,1669052448
243,Finschhafen,-6.6024,147.8681,79.72,84,70,5.91,PG,1669052449
244,Portland,45.5234,-122.6762,44.11,60,100,7.0,US,1669052226
245,Ahipara,-35.1667,173.1667,64.09,98,97,10.94,NZ,1669052449
246,Basiawan,6.5342,125.4869,77.94,83,70,2.71,PH,1669052450
247,Umba,66.6871,34.3429,28.13,83,100,3.44,RU,1669052450
248,Pisco,-13.7,-76.2167,70.02,77,0,12.66,PE,1669052451
249,Baykit,61.67,96.37,-28.1,100,56,2.37,RU,1669052451
250,Uvarovo,51.9849,42.2615,33.24,100,100,9.17,RU,1669052451
251,Naliya,23.2667,68.8333,77.22,37,0,5.48,IN,1669052452
252,Saint Anthony,45.0205,-93.218,31.89,63,0,10.36,US,1669052452
253,Jumla,29.2747,82.1838,43.92,37,16,5.06,NP,1669052452
254,Nouadhibou,20.931,-17.0347,85.98,28,0,8.05,MR,1669052371
255,Lagos,6.5833,3.75,84.52,80,100,6.04,NG,1669052277
256,Athabasca,54.7169,-113.2854,34.21,78,54,10.71,CA,1669052453
257,Mandalgovi,45.7625,106.2708,24.75,57,10,9.57,MN,1669052453
258,Margate,51.3813,1.3862,47.89,92,100,13.0,GB,1669052179
259,Matara,5.9485,80.5353,76.08,82,96,6.22,LK,1669052180
260,Jos,9.9167,8.9,68.58,30,6,5.55,NG,1669052454
261,Seredka,58.1584,28.1858,22.75,89,100,8.72,RU,1669052181
262,Ponta do Sol,32.6667,-17.1,71.01,69,67,1.43,PT,1669052181
263,Kununurra,-15.7667,128.7333,76.98,88,100,5.75,AU,1669052182
264,Bambous Virieux,-20.3428,57.7575,76.21,78,20,3.44,MU,1669052455
265,Mahon,39.8885,4.2658,66.76,72,75,20.71,ES,1669052183
266,Hokitika,-42.7167,170.9667,55.98,85,41,9.26,NZ,1669052456
267,Rocha,-34.4833,-54.3333,67.15,96,100,6.49,UY,1669052184
268,Akdepe,42.0551,59.3788,41.09,70,69,2.17,TM,1669052457
269,Novospasskoye,53.1468,47.7514,30.88,96,100,5.64,RU,1669052185
270,Aiquile,-18.2041,-65.1807,72.14,49,48,14.85,BO,1669052457
271,Nemuro,43.3236,145.575,52.23,93,77,22.66,JP,1669052186
272,Vardø,70.3705,31.1107,35.58,93,75,8.05,NO,1669052458
273,Kumul,42.8,93.45,35.8,49,52,4.59,CN,1669052458
274,Manacapuru,-3.2997,-60.6206,95.13,38,82,0.43,BR,1669052459
275,Hilo,19.7297,-155.09,69.24,95,75,6.91,US,1669052459
276,Coyhaique,-45.5752,-72.0662,62.55,42,75,8.05,CL,1669052460
277,Pedasí,7.5333,-80.0333,79.07,79,90,5.06,PA,1669052460
278,Solnechnyy,50.7214,136.6319,13.39,91,62,1.21,RU,1669052460
279,Dicabisagan,17.0818,122.4157,76.19,91,97,1.74,PH,1669052461
280,Bathsheba,13.2167,-59.5167,81.21,78,40,27.63,BB,1669052461
281,Volchikha,52.0333,80.3833,14.49,96,100,4.18,RU,1669052462
282,Lesosibirsk,58.2358,92.4828,-8.05,99,99,3.09,RU,1669052462
283,Orotukan,62.2667,151.7,-7.83,99,100,4.18,RU,1669052463
284,Huarmey,-10.0681,-78.1522,71.01,72,83,8.79,PE,1669052463
285,Durusu,41.3053,28.6767,62.78,87,29,4.0,TR,1669052192
286,Pāsighāt,28.0667,95.3333,61.27,57,0,3.42,IN,1669052192
287,Mar del Plata,-38.0023,-57.5575,61.83,93,100,18.41,AR,1669052464
288,Åmot,59.5714,7.9877,25.75,93,97,6.62,NO,1669052464
289,Upata,8.0086,-62.3989,82.18,64,75,5.32,VE,1669052465
290,Campoverde,-8.4753,-74.8058,89.29,39,99,1.16,PE,1669052465
291,Havre-St-Pierre,50.2334,-63.5986,28.4,63,0,18.41,CA,1669052194
292,Conceição da Barra,-18.5933,-39.7322,71.35,96,100,8.72,BR,1669052466
293,Onda,39.9667,-0.25,62.91,70,67,14.81,ES,1669052466
294,Xinyang,32.1228,114.0656,52.86,93,100,12.06,CN,1669052195
295,Pochutla,15.7432,-96.4661,88.83,55,0,5.77,MX,1669052195
296,Mtwara,-10.2667,40.1833,81.73,78,40,9.22,TZ,1669052196
297,Tinskoy,56.1525,96.9161,5.94,83,100,8.81,RU,1669052196
298,Rio Grande,-32.035,-52.0986,84.31,68,100,5.37,BR,1669052467
299,Marsá Maţrūḩ,31.3525,27.2453,68.2,64,0,4.61,EG,1669052468
300,Saravena,6.9538,-71.8752,84.47,64,73,2.33,CO,1669052468
301,El Colomo,19.05,-104.25,85.35,58,68,4.41,MX,1669052468
302,Tsimmerbude,54.675,20.1347,28.45,87,98,8.23,RU,1669052275
303,Kīhei,20.785,-156.4656,77.85,70,40,9.22,US,1669052469
304,Kudahuvadhoo,2.6708,72.8944,81.54,77,90,15.23,MV,1669052469
305,Pingdingshan,33.7385,113.3012,51.67,89,100,11.3,CN,1669052470
306,Dongsheng,39.8161,109.9776,32.52,45,100,6.46,CN,1669052470
307,Taft,31.7471,54.2088,49.95,37,0,4.61,IR,1669052200
308,Verkhnyaya Inta,65.9811,60.3094,-16.56,100,44,2.57,RU,1669052200
309,Ust-Maya,60.4167,134.5333,-27.51,100,100,0.45,RU,1669052471
310,Aurangabad,19.8833,75.3333,62.74,43,98,5.57,IN,1669052201
311,Karratha,-20.7377,116.8463,75.31,57,90,20.54,AU,1669052472
312,Bocana de Paiwas,12.7857,-85.1227,75.6,88,99,9.13,NI,1669052472
313,Terrace,54.5163,-128.6035,33.71,100,100,0.0,CA,1669052445
314,Ca Mau,9.1769,105.15,74.57,93,100,1.45,VN,1669052473
315,Moscow,55.7522,37.6156,24.64,96,87,6.46,RU,1669052397
316,Marang,5.2056,103.2059,78.71,89,73,3.13,MY,1669052473
317,Kuytun,54.3419,101.5036,5.68,96,100,1.74,RU,1669052474
318,Klaksvík,62.2266,-6.589,43.72,69,55,20.22,FO,1669052204
319,Celestún,20.8667,-90.4,81.21,71,100,11.72,MX,1669052475
320,Dolores,-36.3132,-57.6792,61.77,80,100,15.43,AR,1669052475
321,Whitehorse,60.7161,-135.0538,34.57,87,100,21.85,CA,1669052475
322,Victor Harbor,-35.5667,138.6167,53.01,76,97,14.18,AU,1669052206
323,Ucluelet,48.9329,-125.5528,47.08,82,97,1.99,CA,1669052476
324,Atakpamé,7.5333,1.1333,80.64,33,70,2.62,TG,1669052206
325,Dingle,10.9995,122.6711,75.58,90,58,6.06,PH,1669052476
326,Mortka,59.3322,66.0214,19.63,94,99,9.78,RU,1669052477
327,Stephenville,32.2207,-98.2023,49.82,82,100,4.61,US,1669052477
328,Tamale,9.4008,-0.8393,86.4,16,72,5.82,GH,1669052478
329,Sault Ste. Marie,46.5168,-84.3333,31.82,84,100,18.41,CA,1669052415
330,Conde,-7.2597,-34.9075,80.06,69,75,11.5,BR,1669052478
331,Ponta Delgada,37.7333,-25.6667,69.49,94,40,16.11,PT,1669052479
332,Conakry,9.538,-13.6773,82.63,65,87,6.42,GN,1669052209
333,Kuala Terengganu,5.3302,103.1408,78.75,89,20,3.44,MY,1669052210
334,Samoylovka,51.184,43.7081,34.47,99,100,10.09,RU,1669052210
335,Normandin,48.8333,-72.5321,16.11,73,89,12.66,CA,1669052480
336,Kodra,50.5949,29.5587,30.51,98,100,9.73,UA,1669052480
337,Vanimo,-2.6741,141.3028,78.21,86,100,2.89,PG,1669052481
338,Paka,4.6374,103.4368,80.53,94,94,0.0,MY,1669052481
339,Sørland,67.667,12.6934,37.26,65,2,11.9,NO,1669052212
340,Bucerías,20.75,-105.3333,76.98,73,100,0.0,MX,1669052309
341,Mala Tokmachka,47.5356,35.8929,61.61,57,100,17.18,UA,1669052482
342,Troitsko-Pechorsk,62.7084,56.1964,6.8,93,77,6.08,RU,1669052482
343,Tautira,-17.7333,-149.15,77.4,79,42,13.94,PF,1669052213
344,Amurzet,47.6967,131.0981,11.46,76,4,5.99,RU,1669052214
345,Dhidhdhoo,6.8833,73.1,81.72,63,75,12.17,MV,1669052483
346,Mackenzie,55.2999,-123.1698,30.42,93,100,10.36,CA,1669052484
347,Hofn,64.2539,-15.2082,42.82,87,100,9.22,IS,1669052215
348,Ukiah,39.1502,-123.2078,62.04,56,94,0.98,US,1669052406
349,Nha Trang,12.25,109.1833,75.2,92,99,2.64,VN,1669052484
350,Fort Nelson,58.8053,-122.7002,15.39,86,40,4.61,CA,1669052454
351,Port Macquarie,-31.4333,152.9167,56.28,48,6,9.01,AU,1669052216
352,Henderson,36.0397,-114.9819,58.37,22,0,4.61,US,1669052485
353,Saint-François,46.4154,3.9054,47.64,81,100,8.05,FR,1669052346
354,Sémbé,1.6481,14.5806,73.47,84,99,3.15,CG,1669052217
355,Haines Junction,60.7522,-137.5108,26.55,93,100,1.14,CA,1669052486
356,Sola,-13.8833,167.55,81.91,74,13,9.1,VU,1669052486
357,Sasykoli,47.5515,46.9968,52.12,82,99,9.31,RU,1669052487
358,Khingansk,49.1167,131.1833,-1.75,99,91,2.89,RU,1669052219
359,Garoowe,8.4054,48.4845,78.3,31,77,17.72,SO,1669052219
360,Dunedin,-45.8742,170.5036,51.8,83,78,4.7,NZ,1669052220
361,Belmonte,-15.8631,-38.8828,78.91,73,94,8.05,BR,1669052220
362,Ferrol,43.4832,-8.2369,54.68,68,62,24.79,ES,1669052220
363,Kütahya,39.4242,29.9833,53.29,66,64,17.96,TR,1669052382
364,Dalbandin,28.8947,64.4101,58.86,25,5,1.45,PK,1669052488
365,Alofi,-19.0595,-169.9187,69.69,94,99,1.14,NU,1669052222
366,Onoda,34.0014,131.1836,55.38,90,41,3.89,JP,1669052489
367,Piaçabuçu,-10.4056,-36.4344,80.62,69,100,12.17,BR,1669052489
368,Ada,43.4166,-116.1262,27.99,74,0,7.0,US,1669052223
369,Thinadhoo,0.5333,72.9333,81.57,76,62,14.63,MV,1669052224
370,Milas,37.3164,27.7839,60.15,88,75,5.75,TR,1669052490
371,Bobrovka,54.047,61.7455,9.48,86,5,5.77,RU,1669052491
372,Tianpeng,30.9866,103.9393,52.27,60,100,1.66,CN,1669052491
373,Dangcagan,7.61,125.0041,69.67,93,79,3.22,PH,1669052226
374,Gao,16.6362,1.637,80.56,10,98,9.4,ML,1669052492
375,Suluktu,39.9337,69.57,36.88,50,42,6.8,KG,1669052492
376,Fuling,29.7022,107.3919,59.56,95,20,0.83,CN,1669052492
377,Ulaanbaatar,47.9077,106.8832,1.53,85,40,2.24,MN,1669052227
378,Maniwaki,46.3834,-75.966,26.98,74,100,11.5,CA,1669052493
379,Meulaboh,4.1363,96.1285,76.77,88,93,2.57,ID,1669052493
380,Río Gallegos,-51.6226,-69.2181,71.65,14,75,19.57,AR,1669052494
381,Kirakira,-10.4544,161.9205,80.67,78,42,6.26,SB,1669052494
382,Kangaatsiaq,68.3065,-53.4641,14.32,95,92,6.49,GL,1669052495
383,Astorga,-23.2325,-51.6656,84.43,44,97,7.58,BR,1669052230
384,Mareeba,-17.0,145.4333,76.44,84,89,2.73,AU,1669052495
385,Sinnamary,5.3833,-52.95,85.1,66,27,13.78,GF,1669052496
386,Nev'yansk,57.4953,60.2112,15.1,85,59,9.13,RU,1669052496
387,Laas,46.6166,10.7002,43.68,71,76,4.43,IT,1669052497
388,Pringsewu,-5.3582,104.9744,73.98,94,89,3.56,ID,1669052233
389,Skjern,55.95,8.5,32.22,91,75,6.42,DK,1669052497
390,Magadan,59.5667,150.8,25.54,94,100,16.62,RU,1669052497
391,Mazatlán,23.2167,-106.4167,80.56,72,20,7.0,MX,1669052408
392,Tarko-Sale,64.9225,77.785,-4.52,95,100,18.54,RU,1669052498
393,Durban,-29.8579,31.0292,74.32,86,100,3.0,ZA,1669052350
394,Ganj Dundwāra,27.7333,78.95,65.46,39,0,6.69,IN,1669052498
395,Touros,-5.1989,-35.4608,82.87,58,56,16.84,BR,1669052499
396,Quatre Cocos,-20.2078,57.7625,76.08,73,1,6.82,MU,1669052499
397,Sungai Besar,3.6746,100.9867,76.48,92,85,6.71,MY,1669052500
398,Abapó,-18.8333,-63.4667,88.11,31,61,9.08,BO,1669052237
399,Rincon,32.296,-81.2354,59.92,58,75,8.05,US,1669052500
400,Kysyl-Syr,63.8986,122.7617,-28.32,100,99,0.45,RU,1669052238
401,Paungde,18.4833,95.5,72.37,62,2,5.48,MM,1669052238
402,Los Llanos de Aridane,28.6585,-17.9182,70.12,79,75,12.66,ES,1669052486
403,Panabá,21.2833,-88.2667,86.77,56,100,2.71,MX,1669052501
404,Poltava,49.5937,34.5407,48.42,95,100,14.38,UA,1669052501
405,Kamenka,51.3223,42.7678,34.07,99,100,9.35,RU,1669052240
406,Keta,5.9179,0.9879,84.42,78,47,11.79,GH,1669052502
407,El Fuerte,26.4189,-108.6194,77.34,28,55,2.39,MX,1669052502
408,Paita,-5.0892,-81.1144,72.1,65,8,13.4,PE,1669052503
409,Guerrero Negro,27.9769,-114.0611,70.86,34,18,0.81,MX,1669052503
410,Mehamn,71.0357,27.8492,39.11,93,75,4.61,NO,1669052504
411,Flinders,-34.5833,150.8552,54.18,59,1,11.99,AU,1669052504
412,Pangnirtung,66.1451,-65.7125,6.8,36,75,0.0,CA,1669052366
413,Ürümqi,43.801,87.6005,27.55,100,0,2.24,CN,1669052505
414,Lundazi,-12.2929,33.1782,75.58,47,24,9.33,ZM,1669052505
415,Bonfim,3.0833,-59.95,89.2,50,70,9.8,BR,1669052505
416,Kupang,-10.1667,123.5833,78.33,83,98,3.62,ID,1669052506
417,Leningradskiy,69.3833,178.4167,-14.55,85,79,10.85,RU,1669052506
418,Kitimat,54.0524,-128.6534,34.18,99,100,3.24,CA,1669052506
419,Muyezerskiy,63.9333,31.65,16.09,98,64,0.92,RU,1669052247
420,Cortes,41.9395,-1.4396,50.05,72,98,21.77,ES,1669052507
421,Leh,34.1667,77.5833,12.31,62,4,2.42,IN,1669052507
422,Acajutla,13.5928,-89.8275,85.21,59,92,1.28,SV,1669052508
423,Samarai,-10.6167,150.6667,81.14,78,100,6.06,PG,1669052508
424,San Rafael del Sur,11.8485,-86.4384,85.17,73,100,11.5,NI,1669052509
425,Yar-Sale,66.8333,70.8333,-8.1,96,100,16.28,RU,1669052509
426,Lichuan,30.3,108.85,51.57,97,96,1.74,CN,1669052509
427,Balclutha,-46.2339,169.75,49.15,74,78,3.65,NZ,1669052251
428,Salinópolis,-0.6136,-47.3561,84.49,67,79,12.91,BR,1669052510
429,Lazarev,52.225,141.5131,18.07,86,97,4.47,RU,1669052251
430,Ketchikan,55.3422,-131.6461,45.07,93,100,17.27,US,1669052510
431,Gilgit,35.9221,74.3087,31.53,57,2,3.98,PK,1669052511
432,Mangai,-4.05,19.5333,68.18,99,100,1.36,CD,1669052252
433,Maxixe,-23.8597,35.3472,75.02,53,20,10.36,MZ,1669052511
434,Gairatganj,23.4202,78.2385,60.21,47,25,5.57,IN,1669052512
435,Williston,48.147,-103.618,25.32,79,66,1.01,US,1669052281
436,Lichinga,-13.3128,35.2406,77.09,53,0,8.05,MZ,1669052512
437,Hay River,60.8156,-115.7999,24.78,80,20,8.05,CA,1669052513
438,Iroquois Falls,48.7669,-80.6831,29.98,89,100,13.91,CA,1669052513
439,Tacna,-18.0056,-70.2483,75.4,44,0,10.36,PE,1669052255
440,Bac Lieu,9.285,105.7244,76.17,87,100,2.93,VN,1669052355
441,García,25.8167,-100.5833,56.57,96,83,4.61,MX,1669052402
442,Kapuskasing,49.4169,-82.4331,23.09,86,100,17.27,CA,1669052256
443,Kieta,-6.2167,155.6333,77.54,77,46,2.28,PG,1669052514
444,Lunsar,8.6833,-12.5333,83.16,60,94,1.21,SL,1669052257
445,Romitan,39.9343,64.3814,51.75,62,0,9.22,UZ,1669052515
446,Manjeshwar,12.7194,74.8861,76.15,77,64,4.43,IN,1669052258
447,Turukhansk,65.8167,87.9833,-11.25,97,100,4.32,RU,1669052515
448,Waingapu,-9.6567,120.2641,80.19,81,86,1.14,ID,1669052516
449,Grindavik,63.8424,-22.4338,41.47,87,75,23.02,IS,1669052413
450,Batticaloa,7.7102,81.6924,78.37,76,69,4.9,LK,1669052516
451,Yangjiang,21.85,111.9667,72.81,92,100,6.73,CN,1669052517
452,Sarauli,28.5,79.1,64.11,44,0,7.38,IN,1669052517
453,Pangody,65.85,74.4859,-5.31,94,100,17.43,RU,1669052517
454,Saint-Augustin,51.226,-58.6502,23.36,76,100,21.45,CA,1669052518
455,Lādnūn,27.65,74.3833,64.51,31,0,5.35,IN,1669052375
456,Preobrazheniye,42.9019,133.9064,32.22,61,0,7.4,RU,1669052261
457,Taltal,-25.4,-70.4833,65.23,71,18,4.43,CL,1669052518
458,Petatlán,17.5167,-101.2667,87.3,55,17,5.37,MX,1669052519
459,Magangué,9.242,-74.7547,88.38,64,63,3.94,CO,1669052519
460,Winfield,37.2398,-96.9956,48.51,45,0,9.22,US,1669052519
461,Severnoye,56.3491,78.3619,7.39,93,92,9.62,RU,1669052520
462,Rumoi,43.9344,141.6428,43.12,88,98,17.49,JP,1669052520
463,Tilichiki,60.4667,166.1,0.88,94,100,9.33,RU,1669052264
464,Comodoro Rivadavia,-45.8667,-67.5,76.86,11,0,16.11,AR,1669052264
465,Rock Sound,24.9,-76.2,81.0,71,77,14.27,BS,1669052521
466,Okhotsk,59.3833,143.3,17.04,78,100,13.6,RU,1669052521
467,Carpinteria,34.3989,-119.5185,74.37,33,82,2.77,US,1669052522
468,Kismayo,-0.3582,42.5454,79.77,82,59,10.29,SO,1669052522
469,Manbij,36.5281,37.9549,59.52,57,100,6.24,SY,1669052266
470,Broome,42.2506,-75.833,37.53,45,0,11.5,US,1669052523
471,Karpathos,35.507,27.2132,67.96,73,20,19.57,GR,1669052523
472,San Policarpo,12.1791,125.5072,80.37,84,93,10.36,PH,1669052524
473,Sur,22.5667,59.5289,77.04,65,1,3.74,OM,1669052524
474,Harper,4.375,-7.7169,79.61,80,30,5.64,LR,1669052524
475,Kouango,4.9934,19.9619,79.54,44,95,2.84,CF,1669052525
476,Penzance,50.1186,-5.5371,47.52,76,40,23.02,GB,1669052525
477,Narsaq,60.9167,-46.05,25.02,92,34,5.32,GL,1669052526
478,Khovd,48.0056,91.6419,23.59,47,87,6.67,MN,1669052526
479,Nador,35.174,-2.9287,66.45,72,0,9.22,MA,1669052270
480,Solton,52.8429,86.4787,12.79,87,100,2.13,RU,1669052527
481,Moose Factory,51.2585,-80.6094,21.2,86,100,13.8,CA,1669052527
482,Cogealac,44.55,28.5667,42.84,82,100,10.56,RO,1669052271
483,Ocós,14.5094,-92.1933,82.78,72,100,4.52,GT,1669052528
484,Novo Aripuanã,-5.1206,-60.3797,91.35,48,95,2.89,BR,1669052272
485,Nelson Bay,-32.7167,152.15,58.08,49,0,11.99,AU,1669052528
486,Maragogi,-9.0122,-35.2225,80.83,65,56,10.56,BR,1669052273
487,San Jose,37.3394,-121.895,61.41,54,75,0.0,US,1669052288
488,Saint-Pierre,-21.3393,55.4781,74.88,73,0,2.3,RE,1669052529
489,Chachoengsao,13.6167,101.4167,80.49,85,96,3.27,TH,1669052521
490,Glendive,47.1053,-104.7125,27.48,79,0,5.75,US,1669052529
491,Vila,42.0304,-8.1588,43.68,85,82,9.48,PT,1669052274
492,Wabag,-5.4781,143.7021,51.8,98,99,2.55,PG,1669052530
493,Darhan,49.4867,105.9228,17.87,76,100,1.25,MN,1669052530
494,Skjervøy,70.0311,20.9714,24.8,45,0,6.4,NO,1669052275
495,Verāval,20.9,70.3667,75.11,40,0,7.09,IN,1669052531
496,Ponérihouen,-21.0833,165.4,75.94,87,27,4.45,NC,1669052531
497,Oakdale,44.963,-92.9649,31.39,64,0,9.22,US,1669052532
498,Chul'man,56.8479,124.9104,-26.68,100,100,1.14,RU,1669052532
499,Lanzhou,36.0564,103.7922,40.23,35,43,1.9,CN,1669052277
500,Tari,12.4086,4.4914,81.9,15,99,9.42,NG,1669052533
501,Jiwani,25.05,61.7417,79.47,65,1,10.8,PK,1669052278
502,Nurota,40.5614,65.6886,51.62,64,23,10.92,UZ,1669052533
503,Mumford,5.2618,-0.759,79.79,81,59,10.6,GH,1669052534
504,Nísia Floresta,-6.0911,-35.2086,86.81,55,57,13.8,BR,1669052534
505,Preslav,43.1667,26.8167,47.59,79,97,7.34,BG,1669052280
506,Karema,-6.8205,30.4389,75.29,75,81,2.55,TZ,1669052535
507,Anchorage,61.2181,-149.9003,39.2,92,100,3.44,US,1669052470
508,Yulara,-25.2406,130.9889,70.54,29,100,14.54,AU,1669052281
509,Cairns,-16.9167,145.7667,81.07,86,55,3.44,AU,1669052535
510,Moen,69.1304,18.6123,5.72,85,0,0.0,NO,1669052536
511,Sibut,5.718,19.0739,79.03,42,83,2.66,CF,1669052536
512,Manali,13.1667,80.2667,75.29,93,100,15.48,IN,1669052537
513,Kenmare,51.8833,-9.5833,49.06,85,72,22.21,IE,1669052537
514,Port-Cartier,50.0334,-66.8654,26.82,73,8,9.08,CA,1669052537
515,Kawalu,-7.3817,108.2082,72.82,97,99,1.99,ID,1669052313
516,Bawku,11.0616,-0.2417,84.9,16,88,7.45,GH,1669052539
517,Burnie,-41.0667,145.9167,41.94,82,18,11.9,AU,1669052286
518,Necochea,-38.5473,-58.7368,57.88,83,100,18.32,AR,1669052286
519,Lamont,35.2597,-118.9143,69.13,22,40,2.8,US,1669052539
520,Georgiyevka,43.0369,74.7114,44.64,93,75,11.18,KZ,1669052287
521,Pacaembu,-21.5622,-51.2606,94.08,26,100,2.68,BR,1669052540
522,Inta,66.0317,60.1659,-17.25,100,42,1.81,RU,1669052540
523,Saint-Pierre-des-Corps,47.3833,0.7333,48.85,78,0,11.5,FR,1669052541
524,Sarakhs,36.5449,61.1577,53.74,54,0,0.0,IR,1669052541
525,Arman',59.7,150.1667,26.02,94,100,11.21,RU,1669052541
526,Griffith,41.5284,-87.4237,44.28,48,0,19.57,US,1669052542
527,Baruun-Urt,46.6806,113.2792,18.19,64,54,6.29,MN,1669052542
528,Rubiataba,-15.1644,-49.8033,82.0,53,66,5.53,BR,1669052543
529,Rafai,4.95,23.9167,75.6,45,62,2.64,CF,1669052292
530,Ambovombe,-25.1667,46.0833,66.81,65,51,6.85,MG,1669052543
531,Dwārka,22.2394,68.9678,78.51,58,1,6.91,IN,1669052544
532,Bonavista,48.6499,-53.1147,32.92,89,66,50.53,CA,1669052544
533,Aragarças,-15.8975,-52.2508,92.05,49,40,9.22,BR,1669052515
